<manifest><control namespace="VoicetoTextPCF" constructor="VoiceToTextPCF" version="0.0.1" display-name-key="VoiceToTextPCF" description-key="VoiceToTextPCF description" control-type="standard" api-version="1.3.18"><property name="controlValue" display-name-key="Captured Text" description-key="The text captured from voice input." of-type="SingleLine.TextArea" usage="bound" required="true" /><resources><code path="bundle.js" order="1" /></resources><feature-usage /><built-by name="pac" version="1.47.1" /></control></manifest>